timestamp,source_ip,destination_ip,user_agent,login_successful,attack_flag
2025-04-27 15:39:15,36.148.139.207,83.232.128.84,Firefox,1,0
2025-04-27 15:48:19,175.241.230.21,213.49.71.102,Chrome,1,0
2025-04-27 15:54:30,238.232.56.139,168.141.219.70,Firefox,1,0
2025-04-27 16:00:28,254.16.221.28,84.138.141.102,Chrome,1,0
2025-04-27 16:02:33,13.193.46.102,5.103.193.4,Bot,1,0
2025-04-27 16:08:55,245.74.174.109,117.94.159.122,Chrome,1,0
2025-04-27 16:15:54,248.172.161.186,245.33.2.13,Bot,1,0
2025-04-27 16:16:41,7.159.152.137,117.95.228.90,Edge,1,0
2025-04-27 16:25:06,228.7.28.149,40.74.148.11,Chrome,1,0
2025-04-27 16:33:58,49.113.177.109,232.92.229.35,Chrome,1,1
2025-04-27 16:34:18,217.126.237.201,49.69.156.61,Safari,1,0
2025-04-27 16:39:08,13.183.143.131,133.75.65.38,Edge,1,0
2025-04-27 16:42:11,181.195.208.30,98.73.162.12,Firefox,1,0
2025-04-27 16:47:57,200.60.91.215,197.181.5.18,Edge,1,0
2025-04-27 16:54:11,169.146.46.129,25.173.39.78,Firefox,1,0
2025-04-27 17:00:19,238.16.46.94,108.251.39.9,Bot,1,0
2025-04-27 17:07:06,158.37.131.5,67.162.187.225,Edge,1,0
2025-04-27 17:13:02,24.144.76.90,193.165.130.133,Edge,1,0
2025-04-27 17:14:40,71.56.219.16,110.87.218.190,Bot,1,0
2025-04-27 17:18:09,60.164.95.169,159.68.242.214,Safari,1,0
2025-04-27 17:22:03,6.193.51.162,105.169.233.147,Chrome,1,0
2025-04-27 17:29:53,162.219.114.27,30.166.14.137,Bot,1,0
2025-04-27 17:33:37,189.81.221.45,227.233.192.238,Safari,1,0
2025-04-27 17:33:47,29.159.100.151,112.113.180.221,Safari,1,0
2025-04-27 17:36:12,196.204.232.200,99.151.87.216,Firefox,1,0
2025-04-27 17:41:48,40.172.179.120,178.214.209.236,Firefox,1,0
2025-04-27 17:46:33,67.216.12.105,126.96.193.125,Chrome,1,0
2025-04-27 17:56:09,143.8.225.225,134.220.158.224,Safari,1,0
2025-04-27 17:58:07,2.74.123.40,232.97.221.175,Safari,1,1
2025-04-27 17:58:56,88.221.248.212,16.242.109.172,Firefox,1,1
2025-04-27 18:01:58,194.124.67.118,46.141.149.252,Chrome,1,0
2025-04-27 18:08:48,76.17.43.235,239.70.121.208,Firefox,1,0
2025-04-27 18:11:04,123.62.216.76,195.122.6.11,Bot,1,0
2025-04-27 18:15:50,66.74.200.231,176.75.100.42,Edge,1,0
2025-04-27 18:19:24,177.240.211.208,78.20.226.130,Chrome,1,0
2025-04-27 18:20:06,49.37.223.139,150.90.253.98,Firefox,1,0
2025-04-27 18:24:57,127.233.33.80,172.4.143.35,Edge,1,0
2025-04-27 18:27:46,150.158.65.107,250.215.125.200,Chrome,1,0
2025-04-27 18:32:26,69.27.39.137,48.223.92.121,Edge,1,0
2025-04-27 18:35:12,50.119.46.46,104.218.84.250,Firefox,1,0
2025-04-27 18:38:32,137.228.130.199,218.139.65.85,Chrome,1,0
2025-04-27 18:39:17,17.99.89.132,100.86.75.206,Chrome,1,0
2025-04-27 18:42:22,82.121.15.214,182.138.42.126,Safari,1,0
2025-04-27 18:45:25,152.152.82.80,147.188.131.83,Edge,1,0
2025-04-27 18:47:13,201.21.178.92,171.227.121.100,Chrome,0,0
2025-04-27 18:56:13,227.4.43.249,171.177.228.172,Firefox,1,0
2025-04-27 19:05:45,205.49.134.123,107.8.172.198,Chrome,1,0
2025-04-27 19:09:59,176.131.205.180,229.99.218.174,Firefox,1,0
2025-04-27 19:17:24,93.13.132.204,2.19.33.190,Bot,1,0
2025-04-27 19:20:51,38.43.193.13,155.56.142.133,Safari,1,0
2025-04-27 19:23:35,99.24.255.175,251.8.38.174,Safari,1,0
2025-04-27 19:24:14,34.196.163.61,249.41.118.164,Chrome,1,0
2025-04-27 19:31:28,153.123.52.43,77.120.129.24,Firefox,1,0
2025-04-27 19:33:25,15.108.187.49,215.120.134.186,Edge,1,0
2025-04-27 19:35:49,13.85.244.100,239.96.58.240,Bot,1,0
2025-04-27 19:43:30,36.33.20.197,69.199.49.228,Firefox,1,0
2025-04-27 19:46:28,189.172.136.219,7.184.220.236,Safari,1,0
2025-04-27 19:56:27,24.234.195.80,114.108.209.222,Chrome,1,0
2025-04-27 19:59:43,174.75.239.27,98.187.104.32,Edge,1,0
2025-04-27 20:08:21,183.120.133.23,104.146.204.11,Safari,1,0
2025-04-27 20:17:11,97.194.56.46,231.232.129.243,Safari,1,0
2025-04-27 20:23:00,239.62.83.142,105.84.78.166,Safari,1,0
2025-04-27 20:32:38,35.126.239.14,229.134.138.80,Edge,1,0
2025-04-27 20:35:54,174.213.107.197,225.102.148.165,Firefox,1,0
2025-04-27 20:38:35,143.161.219.120,60.2.52.79,Bot,1,0
2025-04-27 20:46:59,18.156.200.82,192.200.214.237,Safari,1,0
2025-04-27 20:52:45,222.195.178.106,174.149.205.237,Edge,1,0
2025-04-27 21:01:53,9.151.4.31,48.20.100.73,Edge,1,0
2025-04-27 21:08:22,49.87.214.159,214.139.167.183,Firefox,1,0
2025-04-27 21:15:14,201.85.136.173,127.12.249.157,Bot,1,0
2025-04-27 21:20:48,33.250.32.75,184.36.129.137,Edge,1,0
2025-04-27 21:22:12,165.222.139.222,130.137.12.130,Firefox,1,0
2025-04-27 21:26:23,217.58.192.36,74.250.140.52,Chrome,1,0
2025-04-27 21:33:37,19.105.52.128,101.132.150.55,Safari,1,0
2025-04-27 21:36:13,10.155.4.53,103.101.163.72,Bot,1,0
2025-04-27 21:42:47,95.79.116.195,181.157.179.147,Bot,1,0
2025-04-27 21:45:25,213.161.110.193,95.230.136.157,Chrome,1,0
2025-04-27 21:49:09,199.141.71.37,132.16.188.123,Bot,1,0
2025-04-27 21:50:28,46.244.85.137,203.2.5.97,Bot,1,0
2025-04-27 21:57:09,66.208.209.211,40.11.52.104,Chrome,1,0
2025-04-27 21:58:10,4.234.103.126,143.147.19.205,Bot,1,0
2025-04-27 22:03:43,157.6.228.131,188.112.216.104,Edge,1,0
2025-04-27 22:04:04,88.199.209.127,164.114.8.131,Safari,1,0
2025-04-27 22:11:13,153.204.19.229,20.233.255.214,Bot,1,0
2025-04-27 22:12:32,70.209.104.124,197.211.209.156,Bot,1,0
2025-04-27 22:20:46,93.160.100.0,109.195.228.231,Bot,1,0
2025-04-27 22:26:02,114.161.101.206,246.212.19.101,Safari,1,0
2025-04-27 22:28:31,33.33.240.79,163.72.235.80,Bot,1,0
2025-04-27 22:33:37,129.146.194.233,5.32.255.76,Edge,1,0
2025-04-27 22:34:16,190.91.146.249,166.120.234.7,Bot,1,0
2025-04-27 22:35:35,95.182.218.218,162.223.159.196,Safari,1,0
2025-04-27 22:37:06,167.194.51.255,63.181.162.38,Bot,1,0
2025-04-27 22:38:03,231.216.123.51,135.194.162.118,Bot,1,0
2025-04-27 22:43:43,205.28.136.97,101.36.137.251,Safari,1,0
2025-04-27 22:52:43,150.174.102.238,100.168.200.189,Firefox,0,0
2025-04-27 22:55:58,194.35.179.11,140.35.69.15,Bot,1,0
2025-04-27 22:57:31,59.18.167.249,95.228.77.78,Bot,1,0
2025-04-27 23:02:37,65.184.162.0,92.150.143.45,Edge,1,0
2025-04-27 23:06:25,128.137.26.169,160.237.101.91,Firefox,1,0
2025-04-27 23:08:25,179.220.197.214,41.186.234.156,Safari,1,0
2025-04-27 23:14:25,120.174.125.185,86.108.90.95,Chrome,1,0
2025-04-27 23:21:00,49.67.123.134,76.206.253.6,Edge,1,1
2025-04-27 23:28:36,221.240.129.0,175.109.213.186,Bot,1,0
2025-04-27 23:33:43,207.7.105.165,246.220.66.239,Edge,1,0
2025-04-27 23:39:46,103.163.88.112,244.108.76.32,Edge,1,0
2025-04-27 23:44:24,40.178.115.130,51.196.11.188,Chrome,1,0
2025-04-27 23:51:53,206.129.89.3,94.10.24.119,Edge,1,0
2025-04-27 23:58:17,220.31.254.37,179.162.190.52,Safari,1,0
2025-04-28 00:03:28,179.2.73.131,104.103.173.165,Bot,1,0
2025-04-28 00:05:48,227.239.65.233,177.205.121.96,Firefox,1,0
2025-04-28 00:09:12,180.132.249.251,245.211.248.183,Edge,1,0
2025-04-28 00:11:24,69.153.241.191,210.39.98.28,Safari,1,0
2025-04-28 00:16:05,163.78.0.169,247.206.98.136,Bot,1,0
2025-04-28 00:24:41,186.184.16.240,249.82.166.153,Edge,1,1
2025-04-28 00:25:05,131.38.78.131,72.115.5.253,Firefox,1,0
2025-04-28 00:32:23,223.6.77.126,117.39.112.120,Firefox,1,0
2025-04-28 00:37:35,182.44.194.2,195.76.83.143,Safari,1,0
2025-04-28 00:44:47,242.91.247.84,232.167.243.237,Safari,1,0
2025-04-28 00:47:47,228.7.107.184,212.254.29.136,Edge,1,0
2025-04-28 00:55:23,179.47.209.80,39.159.95.138,Safari,1,0
2025-04-28 01:05:13,219.62.192.3,107.142.193.137,Safari,1,0
2025-04-28 01:13:15,148.120.183.59,88.71.89.245,Firefox,0,0
2025-04-28 01:16:45,217.250.181.110,101.186.159.18,Edge,1,0
2025-04-28 01:18:12,182.208.122.197,36.163.242.228,Firefox,1,0
2025-04-28 01:21:19,7.0.183.227,106.234.118.251,Firefox,1,0
2025-04-28 01:25:00,32.172.235.93,119.182.175.14,Chrome,1,0
2025-04-28 01:31:44,36.73.73.242,73.88.255.159,Bot,1,0
2025-04-28 01:39:11,234.108.197.41,36.88.43.82,Bot,1,0
2025-04-28 01:46:50,106.184.96.166,36.167.234.248,Safari,1,0
2025-04-28 01:51:59,238.188.177.197,104.182.33.125,Bot,1,0
2025-04-28 01:55:54,37.33.180.111,135.102.142.163,Chrome,1,0
2025-04-28 02:00:40,103.69.192.252,27.173.164.212,Chrome,1,0
2025-04-28 02:08:26,127.76.49.45,27.199.129.90,Safari,0,0
2025-04-28 02:10:34,223.175.174.30,172.247.249.55,Bot,1,0
2025-04-28 02:11:45,81.31.34.40,181.102.56.69,Safari,1,0
2025-04-28 02:18:34,175.225.112.230,229.109.44.221,Safari,1,1
2025-04-28 02:24:23,246.173.211.42,53.149.71.78,Edge,1,0
2025-04-28 02:25:11,108.160.153.29,98.204.163.162,Chrome,1,0
2025-04-28 02:30:28,78.155.59.114,171.127.36.99,Safari,1,0
2025-04-28 02:33:10,185.49.140.179,123.183.185.250,Edge,1,0
2025-04-28 02:33:21,56.191.25.92,245.18.40.113,Chrome,1,0
2025-04-28 02:34:13,114.186.45.119,199.248.206.247,Edge,1,1
2025-04-28 02:40:21,55.1.155.111,89.23.144.24,Safari,0,0
2025-04-28 02:45:17,18.188.28.121,188.188.77.69,Chrome,0,0
2025-04-28 02:52:47,86.157.128.249,132.130.150.35,Bot,1,0
2025-04-28 02:53:09,242.175.116.83,244.136.254.23,Edge,1,0
2025-04-28 02:54:40,114.115.34.136,130.23.201.132,Bot,1,0
2025-04-28 03:01:10,131.85.133.167,219.85.174.127,Chrome,1,0
2025-04-28 03:04:36,228.78.141.119,87.169.9.37,Safari,1,0
2025-04-28 03:06:48,34.199.2.156,177.190.171.28,Chrome,1,0
2025-04-28 03:15:35,2.100.81.26,179.180.96.73,Safari,0,0
2025-04-28 03:22:20,149.229.164.184,64.172.182.237,Bot,1,0
2025-04-28 03:27:15,93.186.50.196,224.196.241.207,Firefox,1,0
2025-04-28 03:31:09,11.223.88.222,141.201.123.101,Chrome,1,0
2025-04-28 03:38:04,192.176.46.208,17.233.93.97,Edge,1,0
2025-04-28 03:44:43,93.159.83.226,166.110.129.45,Edge,1,0
2025-04-28 03:52:06,13.254.98.219,174.22.132.229,Bot,0,0
2025-04-28 03:59:26,219.27.103.86,101.130.158.115,Chrome,1,0
2025-04-28 04:04:18,213.243.6.91,195.216.51.108,Chrome,1,0
2025-04-28 04:10:40,236.89.234.193,183.188.20.35,Bot,1,0
2025-04-28 04:13:01,163.243.149.254,35.173.98.36,Bot,1,0
2025-04-28 04:14:27,184.115.205.65,124.228.221.97,Edge,1,0
2025-04-28 04:19:30,104.75.24.120,9.206.143.49,Edge,1,0
2025-04-28 04:25:57,122.1.160.166,18.76.182.48,Safari,1,0
2025-04-28 04:30:19,202.50.5.88,88.210.251.108,Safari,1,0
2025-04-28 04:33:47,163.214.40.139,36.222.155.232,Safari,1,0
2025-04-28 04:34:18,249.26.3.187,123.4.8.33,Chrome,1,0
2025-04-28 04:41:55,157.16.145.129,183.63.115.183,Firefox,1,0
2025-04-28 04:46:26,123.103.162.30,51.155.235.10,Chrome,1,0
2025-04-28 04:56:23,39.243.68.171,196.250.16.183,Chrome,1,1
2025-04-28 05:04:59,97.129.51.43,43.214.26.117,Safari,1,0
2025-04-28 05:11:50,109.202.130.159,249.24.218.254,Chrome,1,0
2025-04-28 05:16:13,168.23.186.1,119.69.203.136,Firefox,1,0
2025-04-28 05:25:34,237.235.14.158,2.18.200.201,Chrome,1,0
2025-04-28 05:27:00,85.56.105.88,89.184.151.194,Edge,1,0
2025-04-28 05:29:33,179.100.87.131,20.235.6.10,Edge,1,0
2025-04-28 05:31:24,88.255.38.173,67.76.179.135,Firefox,1,0
2025-04-28 05:38:24,196.33.219.250,175.156.234.94,Safari,1,0
2025-04-28 05:47:34,135.139.65.194,88.56.134.52,Bot,1,0
2025-04-28 05:49:54,74.69.154.176,4.241.90.150,Chrome,1,0
2025-04-28 05:57:34,122.5.232.47,225.43.45.24,Firefox,1,0
2025-04-28 06:01:57,77.204.184.227,56.52.92.148,Firefox,1,0
2025-04-28 06:10:40,119.210.184.248,198.111.240.191,Bot,1,0
2025-04-28 06:20:12,208.229.159.36,158.64.22.96,Bot,1,0
2025-04-28 06:28:00,205.112.58.49,102.100.35.250,Bot,0,0
2025-04-28 06:28:12,251.180.67.188,205.188.155.202,Firefox,1,0
2025-04-28 06:28:24,202.202.81.236,33.160.63.32,Firefox,1,0
2025-04-28 06:29:38,114.39.8.240,235.9.76.53,Chrome,1,0
2025-04-28 06:33:28,57.222.242.31,15.237.193.58,Bot,1,0
2025-04-28 06:35:17,234.99.164.208,162.223.16.49,Safari,1,0
2025-04-28 06:36:12,83.48.167.103,224.128.207.217,Safari,1,0
2025-04-28 06:46:12,39.216.21.246,70.216.85.109,Edge,1,0
2025-04-28 06:52:23,53.200.148.123,62.167.158.68,Chrome,1,0
2025-04-28 07:00:23,48.88.151.14,139.225.120.142,Chrome,1,0
2025-04-28 07:07:17,64.235.147.234,59.119.202.5,Chrome,1,0
2025-04-28 07:14:31,90.122.44.110,184.214.186.139,Chrome,1,0
2025-04-28 07:16:00,115.112.43.254,124.237.23.212,Safari,1,0
2025-04-28 07:17:40,2.161.250.64,211.159.147.59,Edge,1,0
2025-04-28 07:25:05,6.236.203.173,119.215.9.57,Safari,1,0
2025-04-28 07:27:07,31.31.179.132,68.67.205.241,Edge,1,0
2025-04-28 07:33:28,218.162.44.120,227.237.213.73,Firefox,1,0
2025-04-28 07:43:20,41.16.65.164,92.15.248.162,Safari,1,0
2025-04-28 07:44:25,15.145.238.236,183.167.61.132,Edge,1,0
2025-04-28 07:46:59,222.188.149.161,70.193.17.202,Bot,1,0
2025-04-28 07:53:31,58.89.242.65,39.247.60.176,Firefox,1,0
2025-04-28 07:57:16,128.200.206.208,238.134.95.137,Safari,1,0
2025-04-28 07:57:30,135.36.123.42,88.55.225.124,Bot,1,1
2025-04-28 07:59:53,219.193.186.164,251.226.9.91,Safari,1,0
2025-04-28 08:02:39,52.61.254.247,13.97.165.192,Edge,1,0
2025-04-28 08:08:58,59.197.54.236,152.108.14.158,Firefox,1,0
2025-04-28 08:16:21,10.144.17.210,90.118.99.0,Chrome,1,0
2025-04-28 08:25:07,98.99.96.175,17.38.205.40,Bot,1,0
2025-04-28 08:30:31,94.156.152.90,239.99.137.91,Firefox,1,0
2025-04-28 08:31:34,253.78.186.99,106.249.196.145,Bot,1,0
2025-04-28 08:37:39,170.168.226.227,250.13.214.170,Safari,1,0
2025-04-28 08:41:39,255.29.8.179,93.154.206.236,Bot,1,0
2025-04-28 08:44:18,155.241.124.105,163.133.200.190,Firefox,1,0
2025-04-28 08:45:54,129.36.202.122,49.81.10.189,Safari,1,0
2025-04-28 08:49:05,19.135.156.133,212.202.14.163,Edge,1,0
2025-04-28 08:56:21,163.185.60.100,195.20.73.148,Chrome,1,0
2025-04-28 08:57:10,63.172.44.184,177.35.206.56,Firefox,1,0
2025-04-28 09:00:38,99.52.171.17,158.133.129.161,Safari,1,0
2025-04-28 09:02:14,43.74.116.218,12.193.207.211,Edge,1,0
2025-04-28 09:05:45,231.143.71.103,136.142.58.154,Firefox,1,1
2025-04-28 09:06:59,208.111.1.104,43.61.251.226,Bot,1,0
2025-04-28 09:15:54,7.169.142.141,45.31.11.138,Bot,1,0
2025-04-28 09:25:11,15.93.255.221,232.162.230.178,Chrome,1,0
2025-04-28 09:26:32,167.13.12.130,251.209.88.54,Firefox,0,0
2025-04-28 09:31:31,151.136.133.28,58.10.246.94,Bot,1,0
2025-04-28 09:35:47,20.101.224.200,178.26.7.239,Firefox,1,0
2025-04-28 09:44:23,38.109.17.137,167.231.155.159,Safari,1,0
2025-04-28 09:52:56,118.215.181.93,196.132.74.222,Edge,1,0
2025-04-28 09:57:40,58.139.152.24,204.112.248.203,Bot,1,0
2025-04-28 10:07:28,132.129.118.245,74.246.144.247,Edge,1,0
2025-04-28 10:13:07,255.137.84.26,243.107.59.69,Bot,1,0
2025-04-28 10:17:40,223.2.59.180,200.190.219.251,Edge,1,0
2025-04-28 10:20:09,153.95.77.28,165.48.211.215,Chrome,1,1
2025-04-28 10:23:04,145.221.54.142,230.93.120.78,Bot,1,0
2025-04-28 10:29:39,209.238.208.132,94.205.164.62,Safari,1,0
2025-04-28 10:37:12,156.250.219.2,144.220.214.194,Safari,1,0
2025-04-28 10:44:36,121.103.229.235,42.170.30.180,Edge,1,0
2025-04-28 10:49:34,245.61.111.101,43.54.81.117,Bot,1,0
2025-04-28 10:51:26,80.10.192.80,8.18.163.137,Edge,1,0
2025-04-28 10:55:13,186.41.252.10,14.53.186.217,Edge,1,0
2025-04-28 11:04:36,99.59.158.190,241.73.67.1,Edge,1,0
2025-04-28 11:08:39,208.56.181.225,164.184.249.128,Firefox,1,0
2025-04-28 11:14:46,193.75.239.83,32.154.6.218,Chrome,1,0
2025-04-28 11:20:38,71.43.205.38,65.86.98.144,Chrome,1,0
2025-04-28 11:22:42,187.153.67.34,188.86.247.255,Chrome,1,0
2025-04-28 11:29:55,203.148.73.102,165.64.245.88,Bot,1,0
2025-04-28 11:34:36,129.135.35.69,46.165.17.84,Edge,1,0
2025-04-28 11:36:15,100.247.69.188,173.111.202.176,Safari,1,0
2025-04-28 11:39:24,140.210.8.152,64.166.103.173,Firefox,1,0
2025-04-28 11:48:47,121.208.238.205,243.28.145.163,Chrome,1,0
2025-04-28 11:50:39,167.255.83.192,56.48.99.243,Bot,1,0
2025-04-28 11:56:08,249.53.143.157,149.232.181.15,Firefox,1,0
2025-04-28 12:00:58,128.141.138.158,167.217.211.192,Safari,1,0
2025-04-28 12:01:45,194.227.174.52,210.32.149.148,Bot,1,0
2025-04-28 12:03:52,119.127.133.64,144.0.123.196,Bot,1,0
2025-04-28 12:09:17,198.151.44.58,204.171.117.252,Safari,1,0
2025-04-28 12:16:00,168.219.90.147,126.171.69.10,Safari,1,0
2025-04-28 12:20:53,62.142.220.88,137.2.32.32,Bot,1,0
2025-04-28 12:27:44,219.10.152.85,75.252.64.171,Chrome,1,0
2025-04-28 12:30:49,225.231.218.174,49.8.155.50,Firefox,1,0
2025-04-28 12:34:07,167.25.229.119,139.93.22.91,Edge,1,0
2025-04-28 12:43:35,107.213.80.0,72.3.240.139,Bot,1,0
2025-04-28 12:43:57,70.194.4.26,82.18.101.246,Edge,1,0
2025-04-28 12:52:27,52.136.198.191,81.232.150.225,Chrome,1,1
2025-04-28 12:57:26,240.243.125.77,233.46.32.248,Edge,1,0
2025-04-28 13:03:52,92.87.75.141,175.58.214.61,Firefox,1,0
2025-04-28 13:09:19,11.153.174.237,234.140.99.74,Edge,1,0
2025-04-28 13:18:53,241.156.204.226,34.70.188.16,Safari,1,0
2025-04-28 13:20:26,91.144.78.156,141.160.187.160,Chrome,1,0
2025-04-28 13:29:18,137.58.122.178,55.138.243.202,Bot,1,0
2025-04-28 13:36:22,43.121.91.221,159.167.239.235,Safari,1,0
2025-04-28 13:44:34,90.62.44.243,174.47.156.254,Safari,1,0
2025-04-28 13:48:07,189.14.121.251,80.136.191.229,Safari,1,0
2025-04-28 13:55:55,32.133.178.216,211.20.184.76,Edge,1,0
2025-04-28 13:58:03,42.169.5.115,146.217.4.151,Safari,0,0
2025-04-28 14:00:12,163.222.229.170,110.38.207.44,Chrome,1,0
2025-04-28 14:04:43,231.237.217.161,24.219.164.140,Bot,1,0
2025-04-28 14:06:25,151.20.171.27,6.140.200.54,Safari,1,0
2025-04-28 14:09:10,44.34.95.254,188.40.72.35,Firefox,1,0
2025-04-28 14:14:21,131.144.221.59,120.14.207.12,Safari,1,0
2025-04-28 14:18:42,178.213.77.48,227.228.193.6,Safari,1,0
2025-04-28 14:19:57,175.152.5.79,193.239.53.204,Safari,1,0
2025-04-28 14:23:55,121.38.166.10,76.172.21.97,Safari,1,0
2025-04-28 14:31:46,84.123.241.74,247.184.183.4,Chrome,1,0
2025-04-28 14:32:42,192.5.163.180,207.31.216.9,Bot,1,0
2025-04-28 14:33:44,168.173.215.125,159.132.172.93,Chrome,1,0
2025-04-28 14:37:00,239.212.246.233,68.247.149.209,Bot,1,0
2025-04-28 14:37:50,27.137.49.54,224.193.240.95,Chrome,1,0
2025-04-28 14:40:30,178.107.209.5,251.193.110.106,Bot,1,0
2025-04-28 14:45:51,64.51.38.149,175.102.70.245,Chrome,1,0
2025-04-28 14:52:44,50.228.133.250,3.69.241.94,Safari,1,0
2025-04-28 14:58:50,74.243.6.10,95.192.188.106,Safari,1,0
2025-04-28 15:04:03,208.8.239.39,119.23.117.73,Firefox,1,0
2025-04-28 15:13:36,238.177.142.74,167.10.56.138,Chrome,1,0
2025-04-28 15:21:11,133.230.47.103,5.214.14.147,Edge,1,0
2025-04-28 15:25:05,189.185.131.176,129.215.49.25,Firefox,1,0
2025-04-28 15:30:25,111.121.108.193,116.179.60.115,Bot,1,0
2025-04-28 15:38:02,62.157.99.208,227.12.166.184,Chrome,1,0
2025-04-28 15:42:01,33.224.239.90,112.116.8.40,Safari,1,1
2025-04-28 15:42:12,155.165.254.235,96.173.59.216,Bot,1,1
2025-04-28 15:44:24,20.50.161.216,211.36.187.5,Chrome,1,0
2025-04-28 15:52:28,2.58.154.178,240.224.3.218,Safari,1,0
2025-04-28 15:57:01,106.201.225.137,90.106.184.109,Chrome,1,0
2025-04-28 16:02:59,246.173.184.206,180.69.106.228,Bot,1,0
2025-04-28 16:05:00,134.221.16.145,60.168.233.109,Firefox,1,0
2025-04-28 16:10:34,226.245.131.251,247.102.137.33,Safari,1,0
2025-04-28 16:19:30,64.195.218.245,211.110.22.143,Edge,1,0
2025-04-28 16:22:24,114.249.39.197,214.159.197.153,Firefox,1,0
2025-04-28 16:22:53,83.156.14.144,118.228.12.53,Bot,1,0
2025-04-28 16:25:41,119.48.38.62,186.168.43.123,Bot,1,0
2025-04-28 16:34:00,51.0.96.72,4.252.211.199,Edge,1,0
2025-04-28 16:34:17,100.58.90.150,174.99.98.160,Firefox,1,0
2025-04-28 16:40:16,130.107.190.147,226.10.182.143,Safari,0,0
2025-04-28 16:48:05,43.213.139.211,201.23.100.232,Safari,1,0
2025-04-28 16:54:59,248.88.174.248,107.143.33.245,Edge,1,0
2025-04-28 17:04:07,169.43.189.82,83.223.81.81,Chrome,1,1
2025-04-28 17:04:55,82.63.152.237,59.254.18.41,Edge,1,0
2025-04-28 17:07:43,98.198.60.204,50.39.79.253,Firefox,1,0
2025-04-28 17:14:53,169.78.26.255,196.28.75.131,Chrome,1,0
2025-04-28 17:22:25,166.197.251.74,100.85.28.120,Edge,1,0
2025-04-28 17:28:26,69.134.5.182,136.188.197.76,Edge,1,0
2025-04-28 17:30:46,2.104.90.215,141.76.105.213,Firefox,1,1
2025-04-28 17:38:08,22.246.206.126,202.37.207.233,Firefox,1,0
2025-04-28 17:47:36,33.181.127.4,53.107.192.134,Chrome,1,0
2025-04-28 17:52:31,113.35.54.93,200.108.20.63,Firefox,1,0
2025-04-28 17:59:21,128.71.13.181,42.115.42.86,Edge,1,0
2025-04-28 18:07:37,235.23.146.140,13.121.216.111,Safari,0,1
2025-04-28 18:10:16,126.195.2.140,47.95.210.109,Edge,1,0
2025-04-28 18:15:44,233.243.22.172,214.46.100.206,Bot,1,0
2025-04-28 18:16:11,183.162.106.51,80.79.114.54,Safari,1,0
2025-04-28 18:18:15,83.108.53.1,198.124.68.44,Firefox,1,0
2025-04-28 18:23:17,51.28.228.151,15.4.5.84,Safari,1,0
2025-04-28 18:24:17,112.74.157.86,129.226.132.82,Edge,1,0
2025-04-28 18:32:41,1.151.187.82,14.3.17.103,Edge,1,0
2025-04-28 18:32:59,92.48.141.79,30.107.130.32,Safari,1,0
2025-04-28 18:34:48,158.114.157.201,95.38.173.138,Bot,1,0
2025-04-28 18:42:50,52.252.194.156,47.99.40.125,Edge,1,0
2025-04-28 18:50:10,213.68.162.142,169.73.30.5,Edge,1,0
2025-04-28 18:54:58,7.253.247.72,185.67.236.244,Edge,1,0
2025-04-28 19:01:01,153.158.47.91,48.72.104.65,Safari,1,0
2025-04-28 19:03:45,53.95.39.84,115.166.25.75,Edge,0,0
2025-04-28 19:13:40,188.54.235.205,23.12.6.156,Firefox,1,0
2025-04-28 19:17:29,176.204.183.38,20.40.4.79,Chrome,1,0
2025-04-28 19:26:58,109.17.131.28,118.253.7.80,Safari,1,0
2025-04-28 19:28:59,97.35.225.78,224.252.49.66,Chrome,1,0
2025-04-28 19:31:31,92.83.108.5,78.239.33.215,Firefox,1,0
2025-04-28 19:35:38,128.213.212.56,36.217.50.18,Firefox,1,0
2025-04-28 19:38:13,216.71.107.253,245.12.5.248,Firefox,1,0
2025-04-28 19:41:33,193.164.86.159,76.63.239.176,Bot,1,0
2025-04-28 19:49:49,138.30.164.36,52.90.131.225,Edge,1,0
2025-04-28 19:50:26,214.184.65.112,56.178.44.66,Bot,1,0
2025-04-28 19:54:56,138.3.182.179,90.215.237.221,Safari,1,0
2025-04-28 20:02:27,173.183.3.18,231.28.169.234,Firefox,1,1
2025-04-28 20:03:43,124.100.162.254,28.47.244.15,Edge,1,0
2025-04-28 20:07:49,120.178.157.55,86.254.213.129,Bot,1,0
2025-04-28 20:10:29,18.158.132.39,184.226.68.39,Bot,1,1
2025-04-28 20:18:35,89.157.108.52,164.49.188.101,Edge,1,0
2025-04-28 20:24:15,168.109.107.246,186.164.104.207,Chrome,1,0
2025-04-28 20:29:39,164.65.150.120,176.120.250.165,Firefox,0,1
2025-04-28 20:32:59,121.252.55.142,91.44.233.90,Edge,1,0
2025-04-28 20:39:00,203.141.87.87,240.124.127.137,Edge,1,1
2025-04-28 20:42:30,83.231.242.170,117.91.234.157,Firefox,1,0
2025-04-28 20:43:47,113.120.66.121,151.254.184.227,Bot,1,1
2025-04-28 20:48:34,223.136.125.245,43.214.180.171,Safari,1,0
2025-04-28 20:56:17,100.207.203.102,235.106.248.195,Chrome,1,0
2025-04-28 21:00:32,62.158.31.211,160.128.144.72,Bot,1,0
2025-04-28 21:10:05,74.182.2.103,169.128.225.146,Bot,1,0
2025-04-28 21:16:36,57.90.49.0,179.64.211.106,Bot,1,0
2025-04-28 21:25:44,115.202.90.163,40.213.137.152,Firefox,1,0
2025-04-28 21:26:16,95.52.191.212,230.254.192.40,Bot,1,0
2025-04-28 21:33:09,51.11.58.40,127.75.200.24,Safari,1,0
2025-04-28 21:34:55,107.255.162.96,36.81.7.188,Safari,1,0
2025-04-28 21:39:32,49.121.157.177,70.68.215.34,Safari,1,0
2025-04-28 21:45:40,219.24.76.171,15.106.201.129,Firefox,1,0
2025-04-28 21:47:19,166.138.16.50,190.41.242.110,Firefox,1,0
2025-04-28 21:56:48,176.247.207.84,3.192.30.229,Bot,1,0
2025-04-28 22:02:45,83.154.227.134,62.211.159.92,Safari,1,0
2025-04-28 22:06:31,121.108.143.45,191.157.210.211,Bot,1,0
2025-04-28 22:12:51,111.195.35.173,112.127.199.75,Chrome,1,0
2025-04-28 22:13:13,213.108.166.144,137.27.244.175,Chrome,1,0
2025-04-28 22:13:42,43.155.231.216,121.169.173.118,Chrome,1,0
2025-04-28 22:23:07,122.197.13.92,195.221.11.166,Bot,1,0
2025-04-28 22:32:26,56.148.106.242,102.51.254.180,Bot,1,0
2025-04-28 22:39:51,195.28.102.24,109.168.151.26,Safari,1,0
2025-04-28 22:46:18,240.122.234.108,249.13.156.74,Bot,1,0
2025-04-28 22:50:52,9.36.181.195,61.80.73.63,Firefox,0,0
2025-04-28 22:58:16,190.156.168.86,11.229.133.198,Edge,1,0
2025-04-28 23:07:05,47.78.74.179,39.219.63.95,Firefox,1,0
2025-04-28 23:11:57,167.46.5.116,95.82.180.243,Chrome,1,0
2025-04-28 23:12:19,133.41.136.64,158.124.104.213,Bot,1,0
2025-04-28 23:13:37,134.40.222.229,147.221.236.186,Safari,1,0
2025-04-28 23:23:16,137.200.52.158,44.128.64.176,Edge,1,0
2025-04-28 23:25:46,149.225.216.36,75.4.96.95,Chrome,1,0
2025-04-28 23:30:58,22.130.211.86,205.18.11.168,Safari,1,0
2025-04-28 23:34:04,139.166.133.98,218.91.10.170,Chrome,1,0
2025-04-28 23:38:13,147.98.103.134,50.166.50.35,Safari,1,0
2025-04-28 23:45:49,220.151.131.46,21.193.65.244,Firefox,1,0
2025-04-28 23:55:26,85.58.91.233,85.101.27.217,Chrome,1,1
2025-04-28 23:57:17,106.173.205.251,103.79.79.22,Safari,1,0
2025-04-29 00:00:50,46.101.226.191,75.253.29.214,Firefox,1,0
2025-04-29 00:07:03,100.93.118.32,16.185.77.129,Chrome,1,0
2025-04-29 00:16:39,248.172.173.77,65.61.67.116,Firefox,1,0
2025-04-29 00:21:02,13.220.45.147,42.219.177.24,Safari,1,0
2025-04-29 00:28:12,25.15.92.131,10.255.35.71,Firefox,1,0
2025-04-29 00:33:19,33.57.2.19,191.43.58.100,Firefox,1,0
2025-04-29 00:37:09,59.122.167.9,104.140.56.146,Chrome,1,0
2025-04-29 00:46:09,105.217.72.108,247.85.17.133,Firefox,1,0
2025-04-29 00:49:56,121.172.142.53,135.28.64.200,Edge,1,0
2025-04-29 00:58:11,83.211.163.237,97.39.16.212,Safari,1,0
2025-04-29 01:07:09,239.26.10.229,84.243.130.248,Chrome,1,0
2025-04-29 01:12:13,196.97.173.249,74.177.244.244,Edge,0,0
2025-04-29 01:17:19,107.154.116.141,154.16.2.236,Chrome,1,0
2025-04-29 01:23:05,153.32.120.241,155.1.19.161,Bot,1,0
2025-04-29 01:30:45,189.4.184.125,111.235.178.173,Edge,1,0
2025-04-29 01:36:13,136.182.46.125,68.5.150.234,Edge,0,0
2025-04-29 01:37:55,137.137.210.96,110.28.232.148,Bot,1,1
2025-04-29 01:44:05,79.126.146.167,216.36.17.236,Bot,1,0
2025-04-29 01:48:25,12.221.92.23,234.198.74.34,Firefox,1,0
2025-04-29 01:58:16,167.9.171.240,29.173.225.87,Chrome,1,0
2025-04-29 02:07:48,83.183.38.173,218.0.89.101,Safari,1,0
2025-04-29 02:17:27,239.194.77.175,206.20.212.124,Chrome,1,0
2025-04-29 02:27:03,180.136.131.184,35.212.45.13,Firefox,1,0
2025-04-29 02:36:57,241.6.44.25,250.232.135.252,Bot,1,0
2025-04-29 02:45:24,81.4.218.180,121.44.4.31,Firefox,1,0
2025-04-29 02:53:33,96.143.12.113,115.99.221.173,Chrome,1,0
2025-04-29 02:53:50,174.144.236.200,83.152.23.75,Chrome,1,0
2025-04-29 02:58:31,151.127.166.3,212.110.94.14,Edge,1,0
2025-04-29 02:59:41,197.151.180.103,65.231.244.211,Safari,1,0
2025-04-29 03:00:59,94.191.158.3,122.87.98.178,Chrome,1,0
2025-04-29 03:02:59,45.149.184.249,165.244.30.208,Chrome,1,0
2025-04-29 03:09:28,69.10.43.144,238.254.120.180,Edge,1,0
2025-04-29 03:17:43,140.94.192.147,203.84.145.141,Firefox,1,0
2025-04-29 03:26:24,59.139.216.28,113.202.155.37,Chrome,1,0
2025-04-29 03:31:49,188.5.73.173,194.51.22.19,Edge,1,0
2025-04-29 03:33:42,100.32.158.169,70.67.17.80,Bot,1,0
2025-04-29 03:42:22,209.157.65.28,65.15.117.132,Safari,1,0
2025-04-29 03:49:53,116.69.225.94,217.154.51.62,Bot,1,0
2025-04-29 03:52:52,255.212.219.132,77.43.226.238,Edge,1,0
2025-04-29 03:55:16,17.250.3.48,185.225.209.46,Safari,0,0
2025-04-29 04:04:07,206.159.92.44,102.146.121.255,Safari,1,0
2025-04-29 04:12:08,122.99.217.206,31.113.165.135,Bot,1,0
2025-04-29 04:12:33,115.252.224.198,237.97.88.144,Edge,1,0
2025-04-29 04:20:49,136.196.223.83,225.66.102.8,Chrome,1,0
2025-04-29 04:27:43,198.1.125.176,213.255.176.111,Edge,1,0
2025-04-29 04:36:33,102.218.101.187,120.101.108.231,Safari,1,0
2025-04-29 04:38:34,29.90.34.254,255.205.10.107,Firefox,0,0
2025-04-29 04:40:06,223.182.214.163,211.109.239.103,Bot,1,0
2025-04-29 04:42:09,197.74.216.242,131.180.10.128,Bot,1,0
2025-04-29 04:49:55,251.2.42.169,182.237.50.138,Firefox,1,0
2025-04-29 04:55:41,178.133.82.76,253.59.47.66,Chrome,1,0
2025-04-29 04:59:52,25.186.73.80,169.80.87.16,Safari,1,0
2025-04-29 05:09:27,112.108.142.170,40.117.248.153,Safari,1,0
2025-04-29 05:15:41,216.147.24.137,50.31.52.219,Firefox,1,0
2025-04-29 05:17:26,137.76.140.135,30.124.27.171,Firefox,1,0
2025-04-29 05:23:32,101.190.112.149,217.198.64.22,Chrome,0,0
2025-04-29 05:28:18,1.209.196.164,224.191.161.138,Safari,1,0
2025-04-29 05:32:11,168.160.176.162,140.100.240.29,Chrome,1,0
2025-04-29 05:35:50,59.197.254.18,250.0.117.83,Edge,1,0
2025-04-29 05:45:37,194.129.221.64,242.172.15.44,Firefox,1,0
2025-04-29 05:54:53,228.156.125.244,50.159.190.93,Edge,1,0
2025-04-29 05:56:43,220.135.221.85,44.206.62.4,Bot,1,0
2025-04-29 06:01:27,126.15.3.189,233.90.9.23,Bot,1,0
2025-04-29 06:02:52,147.2.166.104,161.204.173.214,Bot,1,0
2025-04-29 06:04:00,4.143.98.250,236.3.179.17,Edge,1,1
2025-04-29 06:07:32,133.131.51.107,193.45.181.68,Bot,1,0
2025-04-29 06:14:37,23.240.163.169,190.94.176.149,Chrome,1,0
2025-04-29 06:18:17,17.137.228.105,25.181.191.98,Chrome,1,0
2025-04-29 06:26:26,173.75.124.5,148.6.90.73,Chrome,1,0
2025-04-29 06:32:29,244.14.203.77,128.58.29.213,Safari,1,0
2025-04-29 06:41:30,182.41.245.17,148.254.72.74,Firefox,0,0
2025-04-29 06:44:40,131.209.27.31,26.250.16.148,Edge,1,0
2025-04-29 06:51:48,83.76.175.212,167.152.69.80,Firefox,1,0
2025-04-29 07:01:14,95.133.193.98,219.79.232.40,Edge,1,0
2025-04-29 07:05:12,118.128.211.11,172.85.63.39,Bot,1,0
2025-04-29 07:13:33,96.162.152.3,156.4.29.212,Edge,1,0
2025-04-29 07:15:33,99.176.133.231,209.180.172.247,Firefox,1,0
2025-04-29 07:17:22,189.161.13.250,234.29.192.94,Chrome,1,0
2025-04-29 07:20:40,75.178.118.242,123.142.117.47,Chrome,1,0
2025-04-29 07:22:25,214.171.66.97,49.181.122.203,Edge,1,0
2025-04-29 07:23:56,81.61.109.120,194.82.53.90,Bot,1,0
2025-04-29 07:29:56,252.221.219.163,20.65.115.140,Firefox,1,0
2025-04-29 07:34:24,42.55.203.88,86.35.238.188,Firefox,1,0
2025-04-29 07:41:00,245.162.238.155,240.173.217.105,Edge,1,0
2025-04-29 07:50:28,186.120.106.95,87.27.86.122,Chrome,1,0
2025-04-29 07:59:53,216.181.97.203,37.222.149.204,Chrome,1,0
2025-04-29 08:03:55,194.202.128.204,210.114.30.162,Firefox,1,0
2025-04-29 08:13:33,149.230.142.20,242.47.14.123,Edge,1,0
2025-04-29 08:21:32,173.88.206.155,54.130.36.167,Chrome,0,0
2025-04-29 08:26:56,61.238.8.255,133.222.170.198,Chrome,1,0
2025-04-29 08:27:42,211.87.130.149,93.25.132.94,Chrome,1,0
2025-04-29 08:36:42,55.208.107.55,122.102.42.243,Safari,1,0
2025-04-29 08:39:38,54.101.162.203,222.181.221.243,Firefox,1,0
2025-04-29 08:44:55,58.221.199.128,178.51.87.228,Safari,1,0
2025-04-29 08:45:30,156.36.151.42,51.253.3.177,Safari,1,0
2025-04-29 08:50:03,158.103.245.119,246.15.235.11,Chrome,1,0
2025-04-29 08:56:32,149.24.240.156,54.183.7.80,Edge,1,0
2025-04-29 09:01:39,212.4.251.8,106.204.197.127,Safari,1,0
2025-04-29 09:07:58,240.173.31.173,169.245.149.28,Chrome,1,0
2025-04-29 09:13:15,35.241.92.131,54.199.141.74,Firefox,1,0
2025-04-29 09:14:14,144.7.242.71,41.102.253.130,Edge,1,0
2025-04-29 09:22:33,47.201.254.21,89.209.220.224,Safari,1,0
2025-04-29 09:22:43,45.118.187.171,197.117.159.217,Firefox,1,0
2025-04-29 09:32:32,252.174.164.178,69.228.218.174,Safari,1,1
2025-04-29 09:38:30,25.43.250.57,199.135.251.237,Firefox,1,0
2025-04-29 09:44:23,93.139.4.23,224.252.46.220,Chrome,1,0
2025-04-29 09:46:09,248.25.60.178,196.114.150.210,Chrome,1,0
2025-04-29 09:53:02,48.212.142.191,144.206.134.154,Firefox,1,0
2025-04-29 10:00:50,111.166.188.180,162.240.18.249,Safari,1,0
2025-04-29 10:09:40,52.87.228.252,219.60.131.42,Edge,1,0
2025-04-29 10:13:38,190.242.238.239,161.32.249.30,Edge,1,0
2025-04-29 10:22:19,144.232.138.93,222.213.221.149,Edge,1,0
2025-04-29 10:23:49,114.240.7.16,121.145.158.61,Chrome,1,0
2025-04-29 10:27:52,248.137.152.95,228.170.20.33,Safari,1,0
2025-04-29 10:31:24,223.16.183.224,144.94.148.101,Edge,1,0
2025-04-29 10:39:44,158.56.108.207,53.50.81.58,Edge,1,0
2025-04-29 10:43:04,225.127.195.63,180.123.172.205,Edge,1,0
2025-04-29 10:49:13,152.245.0.180,214.37.49.21,Edge,1,0
2025-04-29 10:49:52,18.98.101.184,226.227.119.172,Edge,1,0
2025-04-29 10:54:42,163.79.62.142,12.237.196.45,Bot,0,0
2025-04-29 10:57:23,165.163.53.185,52.73.90.80,Edge,1,0
2025-04-29 11:02:27,13.13.72.48,199.80.186.39,Edge,1,0
2025-04-29 11:12:02,49.254.163.88,194.137.19.69,Firefox,1,0
2025-04-29 11:13:45,64.253.253.150,43.242.198.155,Firefox,1,0
2025-04-29 11:20:26,213.29.144.94,212.111.187.203,Firefox,1,0
2025-04-29 11:22:19,210.47.243.52,71.201.40.68,Firefox,1,0
2025-04-29 11:28:25,18.33.253.215,28.122.6.32,Safari,1,0
2025-04-29 11:31:14,126.73.106.91,122.56.254.194,Safari,1,0
2025-04-29 11:35:34,39.208.123.47,212.37.96.177,Edge,1,0
2025-04-29 11:44:34,170.195.131.240,110.147.21.254,Bot,1,0
2025-04-29 11:52:09,189.172.236.154,53.171.236.130,Chrome,1,0
2025-04-29 11:56:12,8.235.73.26,75.9.41.173,Edge,1,0
2025-04-29 12:03:34,246.121.15.14,62.182.75.85,Chrome,1,0
2025-04-29 12:13:09,198.215.51.166,155.120.16.226,Chrome,1,0
2025-04-29 12:21:21,115.240.86.7,189.239.223.159,Chrome,1,0
2025-04-29 12:23:16,121.228.116.181,89.166.36.146,Chrome,1,0
2025-04-29 12:24:59,54.50.31.210,124.84.108.15,Chrome,1,0
2025-04-29 12:29:01,240.0.157.121,75.84.158.46,Firefox,1,0
2025-04-29 12:31:37,167.116.89.179,110.98.159.56,Firefox,1,0
2025-04-29 12:32:41,251.166.250.104,205.148.6.241,Firefox,1,0
2025-04-29 12:39:42,71.109.20.11,56.4.135.125,Bot,1,0
2025-04-29 12:48:42,93.125.226.231,100.107.226.132,Chrome,1,0
2025-04-29 12:56:12,125.176.15.103,192.107.177.73,Safari,1,0
2025-04-29 12:58:42,103.43.236.245,83.198.64.200,Edge,1,0
2025-04-29 13:00:19,28.28.245.243,41.91.212.49,Bot,1,0
2025-04-29 13:04:30,115.109.188.129,147.46.69.100,Chrome,1,0
2025-04-29 13:09:01,49.38.51.64,15.51.193.145,Bot,1,0
2025-04-29 13:18:03,137.145.245.38,106.86.180.38,Firefox,1,0
2025-04-29 13:19:36,112.184.7.227,252.248.167.251,Safari,1,0
2025-04-29 13:20:29,218.240.80.188,33.165.54.67,Edge,1,0
2025-04-29 13:25:17,106.216.96.186,161.216.91.61,Firefox,1,0
2025-04-29 13:29:51,173.196.75.214,203.70.234.144,Edge,1,0
2025-04-29 13:32:04,77.252.179.94,146.173.169.184,Edge,1,0
2025-04-29 13:35:27,92.113.77.44,81.245.206.190,Chrome,1,0
2025-04-29 13:38:07,132.145.44.11,227.163.141.70,Edge,1,0
2025-04-29 13:47:26,119.136.198.17,36.155.35.213,Safari,1,0
2025-04-29 13:55:19,235.68.119.92,21.135.20.109,Bot,1,0
2025-04-29 13:58:37,119.146.109.81,35.152.98.151,Safari,0,0
2025-04-29 14:08:35,228.97.18.41,97.60.81.8,Bot,1,1
2025-04-29 14:16:59,20.48.252.7,35.120.158.129,Safari,1,0
2025-04-29 14:18:11,196.192.184.46,163.104.45.212,Edge,1,0
2025-04-29 14:27:49,129.208.6.195,201.121.36.30,Chrome,1,0
2025-04-29 14:29:56,133.178.63.185,151.193.95.225,Bot,1,0
2025-04-29 14:34:08,58.73.255.116,251.127.54.142,Safari,1,0
2025-04-29 14:43:37,162.65.161.234,126.141.181.195,Firefox,1,0
2025-04-29 14:52:38,218.3.121.119,134.98.193.199,Chrome,1,0
2025-04-29 14:54:14,17.24.60.156,18.176.77.30,Safari,1,0
2025-04-29 14:59:12,65.215.134.39,246.38.93.157,Bot,1,0
2025-04-29 15:02:32,138.136.48.244,109.234.57.22,Firefox,1,0
2025-04-29 15:09:25,164.194.160.40,148.62.43.165,Edge,1,0
2025-04-29 15:11:40,176.73.244.255,135.51.58.55,Edge,1,0
2025-04-29 15:15:56,46.63.73.46,164.241.167.0,Bot,1,0
2025-04-29 15:24:38,23.50.240.65,9.21.215.157,Safari,1,0
2025-04-29 15:27:58,159.230.145.47,164.103.251.29,Bot,0,0
2025-04-29 15:29:35,86.192.10.125,43.220.120.61,Chrome,1,0
2025-04-29 15:36:53,131.42.20.221,44.87.74.172,Safari,1,0
2025-04-29 15:42:21,6.245.122.140,88.231.19.166,Edge,1,0
2025-04-29 15:47:45,109.170.36.92,54.80.143.237,Safari,1,0
2025-04-29 15:55:51,9.29.47.149,156.141.185.81,Firefox,1,0
2025-04-29 15:58:09,9.86.240.116,238.57.64.225,Safari,1,0
2025-04-29 16:01:11,81.59.93.177,170.53.240.96,Chrome,1,0
2025-04-29 16:02:18,219.95.217.240,156.249.60.135,Firefox,1,0
2025-04-29 16:04:03,147.50.79.184,170.132.158.31,Chrome,0,0
2025-04-29 16:05:27,57.119.207.48,178.99.214.183,Chrome,1,0
2025-04-29 16:06:27,39.80.79.214,151.166.162.238,Bot,1,0
2025-04-29 16:09:13,48.147.95.145,195.116.232.85,Safari,1,0
2025-04-29 16:09:23,51.0.161.27,59.226.22.140,Chrome,1,0
2025-04-29 16:15:29,166.182.78.40,227.2.233.130,Bot,1,0
2025-04-29 16:20:02,247.46.58.252,205.160.128.74,Chrome,1,0
2025-04-29 16:26:53,18.226.79.195,119.21.62.12,Edge,1,0
2025-04-29 16:34:59,99.255.221.164,200.188.94.18,Safari,1,0
2025-04-29 16:42:49,27.104.121.212,99.108.248.229,Chrome,1,0
2025-04-29 16:46:53,71.247.223.150,94.149.190.199,Edge,1,0
2025-04-29 16:47:36,1.168.189.206,148.163.202.17,Firefox,1,0
2025-04-29 16:56:03,78.159.169.4,31.149.111.52,Firefox,1,1
2025-04-29 17:01:34,101.77.235.107,12.240.44.209,Chrome,1,0
2025-04-29 17:10:35,234.215.1.229,48.94.247.65,Chrome,1,1
2025-04-29 17:15:38,80.30.89.8,103.61.172.175,Firefox,1,0
2025-04-29 17:19:54,166.24.110.158,250.108.194.150,Bot,1,0
2025-04-29 17:27:02,129.247.55.206,142.20.97.19,Bot,1,0
2025-04-29 17:30:53,18.11.60.236,123.219.53.145,Safari,1,0
2025-04-29 17:37:14,184.107.17.176,149.104.127.38,Edge,1,0
2025-04-29 17:43:59,73.232.180.127,48.142.177.3,Chrome,1,0
2025-04-29 17:50:45,89.184.81.252,10.49.2.7,Edge,1,0
2025-04-29 17:58:59,53.119.248.99,128.164.82.43,Safari,1,0
2025-04-29 17:59:34,45.108.51.180,138.0.100.45,Firefox,1,0
2025-04-29 18:00:09,159.9.41.186,44.119.186.238,Edge,1,0
2025-04-29 18:10:09,171.239.17.34,244.7.122.55,Bot,1,0
2025-04-29 18:12:47,192.95.234.199,62.107.155.240,Safari,1,0
2025-04-29 18:16:10,201.75.37.25,83.178.66.215,Bot,1,0
2025-04-29 18:25:07,127.45.24.33,113.88.235.140,Bot,1,0
2025-04-29 18:25:59,234.33.62.142,96.181.88.1,Firefox,1,0
2025-04-29 18:26:10,109.96.192.65,48.195.143.182,Bot,1,0
2025-04-29 18:30:34,119.235.239.220,63.242.112.33,Bot,1,1
2025-04-29 18:35:07,9.187.126.157,65.121.117.125,Bot,1,0
2025-04-29 18:36:27,77.74.3.31,201.16.128.226,Safari,1,0
2025-04-29 18:37:15,118.229.15.38,35.60.235.169,Firefox,1,0
2025-04-29 18:46:19,24.170.179.100,98.110.82.239,Chrome,1,0
2025-04-29 18:47:37,4.44.244.210,234.229.4.86,Bot,1,0
2025-04-29 18:49:49,139.39.164.101,77.136.230.247,Firefox,1,0
2025-04-29 18:55:00,95.40.196.9,83.184.93.149,Firefox,1,0
2025-04-29 18:55:48,61.53.48.9,70.48.99.172,Chrome,1,0
2025-04-29 19:00:22,189.0.184.172,205.137.145.241,Edge,1,0
2025-04-29 19:05:35,91.221.65.201,139.43.206.212,Firefox,1,0
2025-04-29 19:12:02,83.98.145.54,246.112.227.245,Edge,1,0
2025-04-29 19:20:55,126.16.244.23,11.196.86.114,Edge,1,0
2025-04-29 19:25:26,211.11.48.21,143.169.45.160,Chrome,1,0
2025-04-29 19:34:53,116.50.143.60,241.171.38.92,Edge,1,0
2025-04-29 19:35:03,162.70.227.133,124.171.22.149,Edge,1,0
2025-04-29 19:35:28,151.139.177.142,98.117.249.81,Safari,1,0
2025-04-29 19:44:21,18.105.176.187,115.29.198.111,Bot,1,0
2025-04-29 19:45:33,213.85.201.118,147.220.225.77,Bot,1,0
2025-04-29 19:51:38,118.20.115.104,6.19.56.249,Chrome,1,0
2025-04-29 19:58:44,88.165.235.139,192.123.242.201,Safari,1,0
2025-04-29 20:06:27,21.40.232.66,211.16.146.201,Firefox,1,0
2025-04-29 20:12:18,132.235.71.114,13.228.167.126,Chrome,1,0
2025-04-29 20:13:56,99.213.120.243,42.238.192.116,Safari,1,0
2025-04-29 20:14:52,70.213.189.87,123.190.113.98,Edge,1,0
2025-04-29 20:15:09,177.181.219.188,206.105.182.1,Firefox,1,0
2025-04-29 20:16:44,98.49.53.29,94.173.199.152,Firefox,1,0
2025-04-29 20:24:41,164.75.76.203,218.59.241.94,Firefox,1,0
2025-04-29 20:26:56,125.144.72.51,145.206.66.55,Safari,1,0
2025-04-29 20:35:19,65.7.160.45,160.7.56.100,Bot,1,0
2025-04-29 20:42:08,192.53.148.136,160.67.196.148,Edge,1,0
2025-04-29 20:42:34,7.4.148.95,90.219.84.234,Bot,1,0
2025-04-29 20:48:53,70.165.17.73,188.73.188.9,Firefox,1,0
2025-04-29 20:51:01,166.241.229.198,74.229.128.236,Firefox,1,0
2025-04-29 20:52:42,104.10.225.44,131.119.225.193,Safari,1,0
2025-04-29 20:56:29,238.96.76.49,229.9.48.137,Edge,1,0
2025-04-29 20:57:34,129.86.130.139,210.62.156.29,Chrome,1,0
2025-04-29 21:07:12,7.96.35.227,50.196.81.133,Safari,1,0
2025-04-29 21:12:10,158.23.40.57,6.246.23.157,Bot,1,0
2025-04-29 21:16:56,246.168.70.75,245.222.173.248,Chrome,1,0
2025-04-29 21:18:25,132.115.176.53,196.1.248.105,Firefox,1,0
2025-04-29 21:25:25,144.187.60.27,110.55.88.137,Chrome,1,0
2025-04-29 21:34:09,114.143.157.253,74.108.63.253,Safari,0,0
2025-04-29 21:40:37,228.69.137.160,12.70.159.45,Firefox,1,0
2025-04-29 21:48:50,128.94.221.188,45.53.115.215,Chrome,1,0
2025-04-29 21:53:08,191.83.196.42,58.244.64.48,Edge,1,0
2025-04-29 21:54:19,122.128.220.127,64.55.23.174,Chrome,1,0
2025-04-29 22:02:05,174.139.80.221,142.82.72.70,Firefox,1,0
2025-04-29 22:10:20,200.42.125.247,124.142.250.153,Firefox,1,0
2025-04-29 22:15:18,88.104.188.141,72.206.145.68,Bot,1,0
2025-04-29 22:16:11,240.143.73.107,60.168.123.255,Safari,1,0
2025-04-29 22:17:08,160.94.35.168,131.32.157.162,Firefox,1,0
2025-04-29 22:22:51,74.110.90.41,48.38.121.167,Safari,1,0
2025-04-29 22:27:20,157.76.40.53,190.33.79.92,Safari,1,0
2025-04-29 22:30:06,236.59.230.80,65.36.146.80,Chrome,1,0
2025-04-29 22:30:40,169.126.196.254,111.134.184.203,Firefox,1,0
2025-04-29 22:40:33,130.154.17.98,2.91.47.115,Firefox,1,1
2025-04-29 22:41:34,172.104.255.241,104.6.205.240,Firefox,0,0
2025-04-29 22:50:03,189.113.153.251,169.159.114.24,Chrome,1,0
2025-04-29 22:50:57,206.232.250.47,143.140.247.44,Bot,0,0
2025-04-29 22:52:07,131.225.5.101,195.215.27.170,Safari,1,0
2025-04-29 22:56:30,114.172.222.29,250.165.124.254,Chrome,1,0
2025-04-29 22:57:37,54.36.213.236,57.221.65.146,Firefox,1,1
2025-04-29 22:58:05,145.215.143.88,131.244.67.239,Chrome,1,0
2025-04-29 23:00:33,213.154.44.181,12.244.244.253,Edge,1,0
2025-04-29 23:04:04,25.134.112.127,150.196.208.169,Firefox,1,0
2025-04-29 23:05:22,89.180.5.72,246.120.248.123,Safari,1,0
2025-04-29 23:09:00,236.96.24.96,154.194.26.206,Firefox,1,0
2025-04-29 23:16:43,103.0.77.32,144.132.178.32,Bot,1,0
2025-04-29 23:22:23,96.189.136.150,10.216.217.130,Firefox,1,0
2025-04-29 23:27:39,232.143.8.20,91.39.113.68,Safari,1,0
2025-04-29 23:27:59,200.208.101.158,3.84.162.3,Edge,1,0
2025-04-29 23:33:13,39.163.130.196,177.71.119.115,Safari,1,0
2025-04-29 23:37:01,59.32.200.80,77.116.251.228,Chrome,1,1
2025-04-29 23:41:13,186.84.133.47,109.195.209.224,Edge,1,0
2025-04-29 23:45:18,227.228.97.47,5.168.109.248,Firefox,1,0
2025-04-29 23:48:56,201.76.240.128,111.104.252.89,Safari,1,0
2025-04-29 23:55:45,127.88.135.48,155.234.211.251,Bot,1,0
2025-04-30 00:03:47,7.222.204.102,71.196.225.64,Edge,0,0
2025-04-30 00:10:17,79.215.119.38,170.207.65.179,Edge,1,0
2025-04-30 00:18:40,155.23.157.105,152.164.112.217,Firefox,1,0
2025-04-30 00:20:50,194.161.79.96,107.121.216.254,Edge,1,0
2025-04-30 00:29:34,141.240.78.105,232.165.147.59,Safari,1,0
2025-04-30 00:34:49,247.9.79.173,229.32.21.25,Edge,1,1
2025-04-30 00:36:24,173.249.36.35,31.123.197.199,Chrome,1,0
2025-04-30 00:41:17,241.2.62.165,176.24.73.250,Bot,1,0
2025-04-30 00:49:30,230.221.200.94,220.146.75.245,Chrome,1,0
2025-04-30 00:59:30,106.174.9.78,237.97.123.83,Edge,1,0
2025-04-30 01:08:57,95.71.93.242,112.132.146.137,Bot,1,0
2025-04-30 01:17:13,88.138.86.64,103.73.190.97,Edge,1,0
2025-04-30 01:20:56,182.86.2.57,197.214.40.30,Safari,1,0
2025-04-30 01:28:58,181.213.52.69,125.162.76.120,Firefox,1,0
2025-04-30 01:31:15,154.141.249.139,133.98.73.135,Safari,1,0
2025-04-30 01:35:29,157.203.90.177,172.129.25.156,Edge,1,0
2025-04-30 01:42:22,164.60.57.107,34.103.69.49,Edge,1,0
2025-04-30 01:43:47,1.55.213.236,245.72.108.184,Edge,0,0
2025-04-30 01:45:10,154.118.232.106,171.38.66.171,Safari,1,0
2025-04-30 01:54:11,25.87.75.235,165.214.222.237,Bot,1,0
2025-04-30 01:55:42,221.142.65.163,88.141.165.230,Chrome,1,0
2025-04-30 02:01:44,14.116.171.225,69.72.23.174,Safari,1,0
2025-04-30 02:04:28,25.162.107.208,182.11.192.178,Safari,1,0
2025-04-30 02:08:52,108.67.45.111,152.210.167.243,Firefox,1,0
2025-04-30 02:09:34,36.50.199.214,2.167.197.172,Safari,1,0
2025-04-30 02:12:54,199.14.54.51,48.146.73.103,Firefox,1,0
2025-04-30 02:18:22,184.54.151.116,199.90.223.15,Chrome,1,0
2025-04-30 02:27:30,243.46.98.176,66.227.144.93,Chrome,1,0
2025-04-30 02:30:38,71.3.49.51,45.134.29.73,Firefox,1,0
2025-04-30 02:38:27,72.239.141.21,132.170.175.161,Bot,1,0
2025-04-30 02:40:13,63.34.74.156,211.151.43.240,Safari,1,0
2025-04-30 02:42:29,40.39.65.76,169.247.66.132,Bot,1,0
2025-04-30 02:46:43,15.251.231.17,143.221.29.243,Firefox,1,0
2025-04-30 02:54:37,64.137.92.0,17.151.125.100,Bot,1,0
2025-04-30 03:00:00,159.141.103.184,174.141.38.74,Bot,1,1
2025-04-30 03:06:21,171.143.187.124,197.57.11.86,Bot,1,0
2025-04-30 03:12:24,161.37.231.2,35.213.62.103,Safari,1,0
2025-04-30 03:15:53,34.228.97.219,213.126.107.184,Firefox,1,1
2025-04-30 03:21:18,213.3.33.19,28.44.73.62,Bot,1,0
2025-04-30 03:29:31,29.109.241.39,164.205.111.42,Safari,0,0
2025-04-30 03:30:14,159.164.166.225,48.140.249.212,Firefox,1,0
2025-04-30 03:30:33,66.216.142.156,50.44.196.132,Bot,1,0
2025-04-30 03:33:36,30.39.118.244,174.209.166.206,Chrome,1,0
2025-04-30 03:40:06,210.240.155.248,133.153.33.26,Chrome,1,0
2025-04-30 03:49:08,91.201.98.187,38.98.211.37,Edge,1,0
2025-04-30 03:49:26,152.220.252.217,74.108.13.119,Edge,1,0
2025-04-30 03:49:54,79.144.131.215,109.234.141.23,Chrome,1,0
2025-04-30 03:53:38,137.7.204.228,25.114.125.45,Firefox,1,0
2025-04-30 04:00:17,28.100.185.137,135.132.3.203,Firefox,1,0
2025-04-30 04:09:48,209.18.236.244,147.120.87.120,Safari,1,0
2025-04-30 04:12:19,211.231.174.212,132.174.89.193,Safari,1,0
2025-04-30 04:14:48,46.199.161.178,169.168.4.121,Bot,1,0
2025-04-30 04:17:35,205.126.192.121,238.9.31.229,Chrome,1,0
2025-04-30 04:27:13,92.194.89.62,207.16.198.98,Chrome,1,0
2025-04-30 04:28:04,110.87.17.190,187.234.33.107,Bot,1,0
2025-04-30 04:35:08,91.34.141.164,12.79.81.65,Bot,1,0
2025-04-30 04:42:40,198.72.22.196,210.170.45.46,Firefox,1,0
2025-04-30 04:45:55,114.220.0.67,248.17.141.249,Chrome,1,0
2025-04-30 04:53:34,57.186.67.27,90.24.234.7,Firefox,1,0
2025-04-30 04:55:20,199.162.35.65,67.57.0.49,Firefox,1,0
2025-04-30 04:56:22,102.226.16.237,45.191.173.215,Chrome,1,0
2025-04-30 04:57:48,141.177.121.34,19.39.200.46,Firefox,1,0
2025-04-30 04:59:13,42.221.101.150,164.6.67.234,Safari,1,0
2025-04-30 05:03:58,138.74.204.242,134.213.111.149,Bot,1,1
2025-04-30 05:11:37,52.117.164.132,158.42.226.2,Edge,1,0
2025-04-30 05:12:47,240.231.136.17,69.132.97.182,Safari,1,0
2025-04-30 05:17:05,90.236.37.215,197.11.167.245,Safari,1,0
2025-04-30 05:24:23,206.166.230.47,102.104.33.174,Edge,1,0
2025-04-30 05:31:43,100.204.52.141,250.80.147.244,Bot,1,0
2025-04-30 05:35:06,86.143.230.167,66.155.99.14,Bot,1,0
2025-04-30 05:39:38,72.15.6.160,174.169.139.8,Chrome,1,0
2025-04-30 05:41:34,70.56.135.149,155.237.42.94,Chrome,1,0
2025-04-30 05:50:59,121.220.4.10,31.190.183.248,Bot,1,0
2025-04-30 05:51:23,163.70.110.28,87.201.9.8,Firefox,1,0
2025-04-30 05:56:10,30.46.177.252,106.127.241.75,Safari,1,0
2025-04-30 05:56:28,80.228.49.76,161.32.242.130,Edge,1,0
2025-04-30 06:03:19,235.231.48.36,32.223.66.171,Firefox,1,0
2025-04-30 06:03:33,182.122.5.234,211.93.5.196,Edge,1,0
2025-04-30 06:10:59,143.86.196.7,138.255.243.20,Bot,1,0
2025-04-30 06:17:07,238.247.255.10,90.49.87.48,Chrome,1,0
2025-04-30 06:18:18,63.164.101.14,68.173.179.239,Edge,1,0
2025-04-30 06:20:08,234.255.224.222,148.152.48.142,Bot,1,0
2025-04-30 06:29:47,206.205.127.69,58.112.97.95,Edge,1,0
2025-04-30 06:30:22,87.25.26.124,141.162.106.194,Safari,1,1
2025-04-30 06:40:20,253.19.3.142,88.101.193.66,Bot,1,0
2025-04-30 06:43:34,91.208.16.94,85.153.168.138,Firefox,1,0
2025-04-30 06:53:31,214.215.231.11,97.49.61.161,Chrome,1,0
2025-04-30 07:02:34,120.109.18.232,102.220.186.152,Safari,1,0
2025-04-30 07:05:31,163.163.52.17,49.52.132.29,Edge,1,0
2025-04-30 07:06:11,133.183.74.137,187.132.222.29,Firefox,1,0
2025-04-30 07:13:52,170.35.55.33,210.0.76.20,Safari,1,0
2025-04-30 07:15:43,61.15.14.83,115.215.234.25,Bot,1,0
2025-04-30 07:23:19,200.42.91.70,245.1.147.170,Bot,1,0
2025-04-30 07:29:32,9.231.58.217,161.254.65.191,Firefox,1,0
2025-04-30 07:37:07,147.78.23.31,102.169.103.228,Safari,0,0
2025-04-30 07:43:48,206.48.218.154,238.176.246.7,Safari,1,0
2025-04-30 07:50:26,68.252.212.126,101.142.97.187,Bot,1,0
2025-04-30 07:51:52,118.152.33.34,93.91.39.101,Firefox,1,1
2025-04-30 07:53:06,217.42.149.113,148.40.12.48,Firefox,1,0
2025-04-30 07:56:36,227.194.174.152,83.194.176.243,Safari,1,0
2025-04-30 08:03:08,84.227.110.229,223.117.247.131,Firefox,1,0
2025-04-30 08:06:57,151.39.252.143,54.223.199.66,Firefox,1,0
2025-04-30 08:16:14,128.45.115.132,68.166.104.125,Safari,1,0
2025-04-30 08:20:10,14.19.18.218,42.146.87.166,Bot,1,1
2025-04-30 08:21:39,162.65.216.56,245.137.65.110,Bot,0,0
2025-04-30 08:26:47,249.127.94.230,221.27.192.65,Safari,1,0
2025-04-30 08:34:02,34.168.206.76,13.109.43.53,Safari,1,0
2025-04-30 08:38:30,193.19.23.172,243.47.9.140,Safari,0,0
2025-04-30 08:39:08,42.236.16.120,192.134.159.101,Chrome,1,0
2025-04-30 08:40:19,130.145.231.132,158.253.33.231,Bot,1,0
2025-04-30 08:41:46,246.87.109.20,240.136.100.184,Firefox,1,0
2025-04-30 08:50:42,185.126.205.77,102.165.167.238,Firefox,1,0
2025-04-30 08:54:56,46.151.177.170,90.168.142.236,Bot,1,0
2025-04-30 09:01:33,33.201.38.228,54.138.212.137,Edge,1,0
2025-04-30 09:09:32,98.55.117.191,224.8.122.34,Safari,0,0
2025-04-30 09:10:40,221.20.114.176,156.14.55.151,Chrome,1,0
2025-04-30 09:13:38,101.69.0.146,157.165.90.6,Edge,1,0
2025-04-30 09:14:08,25.93.139.35,115.199.48.109,Safari,1,0
2025-04-30 09:16:55,253.68.27.142,254.174.139.185,Edge,1,0
2025-04-30 09:24:18,55.157.23.32,3.205.154.218,Safari,1,0
2025-04-30 09:32:58,1.84.185.229,9.192.36.53,Firefox,1,0
2025-04-30 09:35:56,168.192.207.102,162.190.19.215,Firefox,1,1
2025-04-30 09:39:32,1.211.150.87,77.188.9.223,Firefox,1,0
2025-04-30 09:46:21,221.230.206.192,80.35.60.141,Edge,1,0
2025-04-30 09:55:56,241.115.19.43,95.30.91.230,Firefox,1,0
2025-04-30 09:58:55,44.172.191.17,39.253.251.212,Edge,1,0
2025-04-30 10:05:42,140.27.113.49,58.41.169.97,Safari,1,0
2025-04-30 10:10:30,240.212.82.142,155.142.191.209,Safari,1,0
2025-04-30 10:15:07,192.178.208.12,254.221.211.54,Firefox,1,0
2025-04-30 10:23:58,121.76.248.21,7.40.51.152,Firefox,1,0
2025-04-30 10:30:15,164.2.192.132,202.89.203.108,Bot,1,0
2025-04-30 10:32:56,47.71.178.235,55.128.88.131,Firefox,1,0
2025-04-30 10:36:19,208.184.56.208,132.13.169.102,Bot,1,0
2025-04-30 10:45:47,149.45.75.161,209.209.57.87,Safari,1,0
2025-04-30 10:50:54,232.236.6.23,54.156.83.79,Edge,1,0
2025-04-30 10:59:46,63.133.61.98,91.110.227.16,Chrome,1,0
2025-04-30 11:05:16,155.174.196.4,123.37.138.61,Bot,1,0
2025-04-30 11:12:08,155.188.36.21,218.253.207.28,Edge,1,0
2025-04-30 11:16:05,201.72.144.41,90.95.202.235,Bot,1,0
2025-04-30 11:21:24,106.87.26.191,191.118.154.181,Chrome,1,0
2025-04-30 11:26:47,49.69.180.146,218.81.161.91,Chrome,1,0
2025-04-30 11:29:04,106.11.125.34,205.176.171.247,Bot,1,0
2025-04-30 11:35:42,186.189.124.18,129.26.207.13,Bot,1,0
2025-04-30 11:43:07,171.144.17.195,39.250.13.12,Safari,1,0
2025-04-30 11:43:21,176.64.217.6,245.162.209.88,Safari,1,0
2025-04-30 11:46:03,10.8.157.209,100.32.73.97,Safari,1,0
2025-04-30 11:52:36,198.111.8.199,224.212.11.248,Firefox,1,0
2025-04-30 12:00:46,87.16.194.245,184.88.101.195,Firefox,1,0
2025-04-30 12:02:06,68.89.216.189,93.193.178.120,Edge,1,0
2025-04-30 12:11:46,21.21.44.24,94.21.59.153,Edge,1,0
2025-04-30 12:14:40,15.144.207.209,238.30.13.201,Chrome,1,0
2025-04-30 12:17:53,140.238.112.53,33.81.197.104,Edge,1,0
2025-04-30 12:22:58,121.120.74.17,124.41.26.64,Firefox,1,0
2025-04-30 12:32:27,90.134.212.228,83.204.212.162,Safari,1,0
2025-04-30 12:34:54,17.135.227.240,111.223.127.236,Chrome,1,0
2025-04-30 12:44:45,14.191.101.208,115.106.147.172,Firefox,1,0
2025-04-30 12:46:53,99.173.67.22,165.201.186.35,Edge,1,0
2025-04-30 12:54:38,56.246.194.20,185.136.178.128,Safari,1,0
2025-04-30 13:02:32,128.22.90.70,50.126.59.203,Chrome,1,0
2025-04-30 13:12:06,108.206.96.90,234.129.197.93,Firefox,1,0
2025-04-30 13:22:02,153.130.128.30,78.188.225.248,Edge,1,0
2025-04-30 13:23:15,135.15.40.9,61.20.176.87,Chrome,1,0
2025-04-30 13:25:15,18.141.252.234,205.110.254.205,Edge,1,0
2025-04-30 13:33:59,63.108.100.162,108.160.2.17,Safari,1,0
2025-04-30 13:34:54,161.0.74.19,28.127.86.173,Safari,1,0
2025-04-30 13:38:49,88.46.187.27,234.214.59.32,Bot,1,0
2025-04-30 13:46:39,242.7.46.241,34.221.144.115,Chrome,1,0
2025-04-30 13:47:15,184.40.15.54,106.128.49.244,Firefox,1,0
2025-04-30 13:54:59,87.184.248.229,142.118.48.184,Firefox,1,0
2025-04-30 13:57:37,159.45.20.43,48.189.101.223,Edge,1,0
2025-04-30 14:06:34,190.248.249.125,238.224.35.81,Chrome,1,0
2025-04-30 14:13:53,187.223.41.37,29.94.15.222,Chrome,1,0
2025-04-30 14:14:51,75.210.29.37,132.159.34.110,Safari,1,0
2025-04-30 14:16:24,7.74.209.204,98.146.156.209,Edge,1,0
2025-04-30 14:19:39,18.150.34.199,73.15.49.226,Bot,1,1
2025-04-30 14:19:54,96.69.56.132,151.58.98.70,Firefox,1,0
2025-04-30 14:23:56,26.59.211.227,227.228.84.116,Edge,1,0
2025-04-30 14:25:38,18.160.194.154,32.157.86.142,Chrome,1,0
2025-04-30 14:32:58,101.106.60.24,26.21.47.240,Bot,1,0
2025-04-30 14:38:55,4.115.209.70,92.185.80.191,Firefox,1,0
2025-04-30 14:43:50,140.242.22.246,167.43.58.50,Safari,1,0
2025-04-30 14:47:39,210.200.207.173,37.9.106.129,Bot,1,0
2025-04-30 14:49:49,128.92.76.101,81.196.143.108,Chrome,1,0
2025-04-30 14:54:55,160.131.73.229,248.102.162.129,Safari,1,0
2025-04-30 14:58:49,118.200.5.94,246.153.197.27,Safari,1,0
2025-04-30 15:05:08,153.162.208.136,189.44.63.179,Bot,1,0
2025-04-30 15:07:01,95.123.104.243,27.152.80.60,Safari,1,0
2025-04-30 15:07:13,168.25.153.253,67.189.146.85,Chrome,1,0
2025-04-30 15:15:01,51.125.249.0,197.223.74.203,Chrome,1,0
2025-04-30 15:22:50,60.39.254.51,100.151.61.9,Edge,1,0
2025-04-30 15:27:36,247.101.154.113,121.183.101.14,Bot,1,0
2025-04-30 15:29:43,123.157.185.207,157.25.186.30,Firefox,1,0
2025-04-30 15:33:29,226.7.44.108,123.157.245.67,Safari,1,0
2025-04-30 15:37:11,238.28.245.50,69.187.171.22,Safari,1,0
2025-04-30 15:39:07,5.75.208.166,136.198.46.129,Edge,1,0
2025-04-30 15:41:55,8.169.174.42,82.37.239.172,Chrome,1,0
2025-04-30 15:49:09,50.101.184.138,169.148.0.202,Chrome,1,0
2025-04-30 15:52:00,90.188.10.61,189.7.85.112,Safari,1,0
2025-04-30 15:52:33,167.246.62.33,148.253.188.161,Bot,1,0
2025-04-30 15:53:25,82.12.71.103,223.55.144.148,Chrome,1,0
2025-04-30 15:55:57,76.77.101.0,191.201.145.34,Chrome,1,0
2025-04-30 16:02:25,105.22.81.221,189.95.114.143,Firefox,1,0
2025-04-30 16:11:07,49.120.104.214,234.113.129.97,Safari,1,0
2025-04-30 16:19:12,68.117.134.225,179.180.21.31,Edge,1,0
2025-04-30 16:25:04,171.210.17.28,161.161.45.192,Bot,1,0
2025-04-30 16:31:23,209.64.67.116,159.13.98.105,Chrome,1,0
2025-04-30 16:36:44,75.254.160.128,183.142.52.129,Bot,1,0
2025-04-30 16:45:13,187.255.216.46,71.243.70.206,Chrome,1,0
2025-04-30 16:54:36,158.0.22.72,94.4.90.179,Firefox,0,0
2025-04-30 16:59:07,7.108.195.185,172.48.145.199,Edge,1,0
2025-04-30 17:03:44,137.111.59.64,182.222.124.113,Edge,1,0
2025-04-30 17:07:01,112.195.211.7,103.22.124.74,Chrome,1,0
2025-04-30 17:08:55,64.121.91.125,87.149.121.203,Firefox,1,0
2025-04-30 17:18:53,178.91.181.23,248.243.65.208,Edge,1,0
2025-04-30 17:20:44,171.249.7.177,44.126.98.65,Chrome,1,0
2025-04-30 17:22:01,180.22.213.253,171.78.194.59,Bot,1,1
2025-04-30 17:22:54,140.53.31.101,177.158.181.73,Chrome,1,0
2025-04-30 17:28:28,90.2.195.186,212.96.52.34,Firefox,1,0
2025-04-30 17:38:15,70.8.210.46,156.191.121.171,Safari,1,0
2025-04-30 17:41:17,203.38.3.76,192.70.140.57,Safari,1,0
2025-04-30 17:42:26,189.71.96.145,37.155.22.215,Chrome,1,0
2025-04-30 17:48:06,55.13.120.213,27.130.154.153,Bot,1,1
2025-04-30 17:56:27,15.44.35.73,99.246.181.7,Bot,1,0
2025-04-30 18:06:20,73.225.218.210,207.221.95.208,Firefox,1,0
2025-04-30 18:15:10,21.34.79.15,223.131.193.5,Edge,1,0
2025-04-30 18:15:45,143.189.145.223,76.61.239.114,Safari,1,1
2025-04-30 18:19:07,235.172.45.97,175.142.117.103,Safari,1,0
2025-04-30 18:20:37,104.81.211.15,116.158.141.13,Bot,1,0
2025-04-30 18:24:48,231.6.98.223,216.200.201.96,Safari,1,0
2025-04-30 18:34:08,144.98.123.209,90.61.78.160,Chrome,1,0
2025-04-30 18:34:28,147.28.155.4,106.6.169.245,Edge,1,0
2025-04-30 18:38:34,5.162.245.24,70.188.159.90,Edge,1,0
2025-04-30 18:47:29,29.138.92.118,99.194.145.172,Safari,1,0
2025-04-30 18:55:02,33.197.252.37,66.227.178.37,Bot,1,0
2025-04-30 19:03:43,3.108.12.196,75.221.248.38,Edge,1,0
2025-04-30 19:09:54,62.35.228.219,6.220.206.158,Safari,1,0
2025-04-30 19:10:25,212.61.45.166,175.151.48.226,Bot,1,0
2025-04-30 19:17:09,151.127.108.182,230.239.130.9,Bot,1,0
2025-04-30 19:26:00,3.232.13.134,189.46.209.101,Bot,1,0
2025-04-30 19:30:34,92.36.25.151,123.48.61.87,Bot,1,0
2025-04-30 19:31:57,11.87.116.193,63.34.103.32,Bot,1,0
2025-04-30 19:36:41,169.176.117.207,103.195.78.228,Edge,1,0
2025-04-30 19:38:53,135.129.18.164,1.195.159.245,Edge,1,0
2025-04-30 19:40:38,186.173.213.205,68.60.127.210,Edge,1,0
2025-04-30 19:46:46,118.215.178.98,96.92.80.167,Bot,1,0
2025-04-30 19:50:40,221.107.94.29,63.141.125.30,Safari,1,1
2025-04-30 19:55:44,163.195.67.37,227.96.137.144,Bot,1,1
2025-04-30 19:58:36,107.128.101.5,74.174.62.163,Edge,1,0
2025-04-30 20:03:29,65.94.138.130,99.34.39.254,Firefox,1,0
2025-04-30 20:05:52,48.29.109.67,253.109.103.123,Bot,1,0
2025-04-30 20:15:14,86.168.33.12,207.143.44.113,Chrome,1,1
2025-04-30 20:15:51,227.24.12.30,223.244.245.192,Chrome,1,0
2025-04-30 20:22:16,148.193.240.32,99.0.36.128,Chrome,1,0
2025-04-30 20:26:55,203.15.55.6,235.133.30.52,Safari,1,0
2025-04-30 20:36:26,80.175.184.11,207.82.46.184,Chrome,1,0
2025-04-30 20:43:13,40.95.98.56,145.186.41.55,Firefox,1,0
2025-04-30 20:44:36,97.35.192.219,116.25.156.226,Chrome,1,0
2025-04-30 20:48:58,188.192.243.65,168.96.61.182,Safari,1,0
2025-04-30 20:54:43,244.162.77.234,198.219.190.115,Firefox,1,0
2025-04-30 20:57:37,224.161.217.50,111.122.186.216,Edge,1,0
2025-04-30 20:59:33,199.32.149.103,73.13.145.149,Bot,1,0
2025-04-30 21:09:05,66.250.68.171,21.245.60.36,Edge,1,0
2025-04-30 21:14:32,81.81.204.115,176.154.49.139,Firefox,1,0
2025-04-30 21:22:00,111.123.154.33,215.133.84.6,Safari,1,0
2025-04-30 21:27:48,120.197.138.142,249.246.182.177,Firefox,0,0
2025-04-30 21:33:53,91.164.101.25,140.74.190.33,Firefox,0,0
2025-04-30 21:43:22,212.235.29.94,2.103.179.111,Chrome,1,0
2025-04-30 21:46:50,205.238.118.102,56.208.165.187,Chrome,1,0
2025-04-30 21:55:00,138.215.142.245,3.159.66.109,Firefox,1,0
2025-04-30 22:04:31,148.225.22.127,43.157.252.184,Chrome,1,0
2025-04-30 22:06:32,82.140.196.45,81.122.137.3,Edge,1,0
2025-04-30 22:14:00,225.90.175.136,247.132.250.118,Firefox,1,0
2025-04-30 22:16:27,82.121.165.224,79.85.169.137,Firefox,1,0
2025-04-30 22:25:04,52.40.14.58,134.93.142.220,Edge,1,1
2025-04-30 22:25:35,222.132.26.162,51.54.12.29,Chrome,1,0
2025-04-30 22:29:53,86.200.217.243,232.120.24.73,Firefox,1,0
2025-04-30 22:33:59,210.146.124.179,41.134.197.252,Chrome,1,0
2025-04-30 22:41:22,170.131.219.197,149.46.242.234,Chrome,1,0
2025-04-30 22:45:47,204.133.7.187,124.78.73.221,Bot,1,0
2025-04-30 22:55:11,123.1.242.252,255.109.223.178,Safari,1,1
2025-04-30 22:58:29,50.102.211.148,170.233.167.202,Edge,1,0
2025-04-30 23:03:53,214.157.179.237,157.138.152.134,Firefox,1,0
2025-04-30 23:06:50,116.94.244.200,147.87.132.70,Firefox,1,0
2025-04-30 23:15:39,232.214.237.246,166.31.172.248,Chrome,1,0
2025-04-30 23:24:53,197.152.149.223,27.205.201.33,Firefox,1,0
2025-04-30 23:33:38,37.77.56.90,145.211.92.55,Bot,1,0
2025-04-30 23:39:47,68.63.111.189,172.147.143.226,Bot,1,0
2025-04-30 23:46:31,25.106.230.174,198.137.57.97,Firefox,1,0
2025-04-30 23:50:45,70.69.165.23,65.21.178.177,Safari,1,1
2025-04-30 23:56:28,188.8.169.67,190.82.183.36,Firefox,1,0
2025-04-30 23:58:23,101.170.243.139,5.152.93.116,Edge,1,0
2025-05-01 00:01:11,79.116.52.248,254.103.233.74,Firefox,1,0
2025-05-01 00:03:09,95.82.39.136,205.78.217.148,Firefox,1,0
2025-05-01 00:07:40,105.97.71.82,131.216.49.144,Edge,1,0
2025-05-01 00:14:16,35.67.142.11,173.6.67.126,Edge,1,0
2025-05-01 00:22:02,70.25.234.242,195.118.96.131,Firefox,1,0
2025-05-01 00:27:55,186.196.143.116,167.16.82.76,Safari,1,0
2025-05-01 00:34:56,180.222.3.155,216.222.16.164,Safari,1,0
2025-05-01 00:42:45,225.20.8.130,131.115.134.253,Bot,1,0
2025-05-01 00:43:31,8.206.242.203,205.11.201.60,Bot,1,0
2025-05-01 00:47:52,207.144.20.204,88.124.89.120,Edge,1,0
2025-05-01 00:49:59,169.131.100.146,194.164.141.37,Chrome,1,0
2025-05-01 00:56:57,94.247.120.225,6.94.224.56,Chrome,1,0
2025-05-01 01:05:03,52.45.124.42,116.188.94.43,Firefox,1,0
2025-05-01 01:11:04,98.53.8.202,96.206.52.124,Edge,1,0
2025-05-01 01:11:37,255.195.184.229,238.99.10.134,Chrome,1,0
